{
  "name": "puppetlabs-apt",
  "version": "1.4.2",
  "source": "https://github.com/puppetlabs/puppetlabs-apt",
  "author": "Evolving Web / Puppet Labs",
  "license": "Apache License 2.0",
  "project_page": "https://github.com/puppetlabs/puppetlabs-apt",
  "summary": "Puppet Labs Apt Module",
  "operatingsystem_support": [
    {
      "operatingsystem": "Debian",
      "operatingsystemrelease": [
        "6",
        "7"
      ]
    },
    {
      "operatingsystem": "Ubuntu",
      "operatingsystemrelease": [
        "10.04",
        "12.04"
      ]
    }
  ],
  "requirements": [
    {
      "name": "pe",
      "version_requirement": "3.2.x"
    },
    {
      "name": "puppet",
      "version_requirement": "3.x"
    }
  ],
  "dependencies": [
    {
      "name": "puppetlabs/stdlib",
      "version_requirement": ">= 2.2.1"
    }
  ],
  "description": "APT Module for Puppet",
  "types": [

  ],
  "checksums": {
    "CHANGELOG.md": "c41b677e06357377f6936783840eff3e",
    "Gemfile": "4b2f2cf0e91bcbaed015eddfc7d4db14",
    "LICENSE": "c236a08bf88c5c8e480957038c869ed1",
    "Modulefile": "d764d7b713d23d8c0344f2218e4b8a8a",
    "README.md": "47ca6ee11f64f1e7ace443035dcb6fe7",
    "Rakefile": "d28c95dc499cb0f32a182b8eae7c9c04",
    "manifests/backports.pp": "faec3e9555a652ede1312de7bedb62d8",
    "manifests/builddep.pp": "4f313b5140c84aa7d5793b5a073c30dd",
    "manifests/conf.pp": "5ddf258195d414d93284dfd281a8d6e3",
    "manifests/debian/testing.pp": "1d7b2a7dfafa08eb47982cbf03cac5b9",
    "manifests/debian/unstable.pp": "cf5a4e7ecadb34856bb6fed17e58c822",
    "manifests/force.pp": "f2bce8c7f9df0af27e28aea2b118e8dd",
    "manifests/init.pp": "ed9f4fc0933b6c3624169cf924ce8397",
    "manifests/key.pp": "3cf082ed91a3933ab7218d1be3464f4f",
    "manifests/params.pp": "88cabed5c1b807c4f6b92a4ddeab2a90",
    "manifests/pin.pp": "dea8cbaabc37010ce25838080608802b",
    "manifests/ppa.pp": "a10fde699ffb97d52a89227e1713faf9",
    "manifests/release.pp": "427f3ee70a6a1e55fa291e58655bd5d9",
    "manifests/source.pp": "bc26f129f672392d9903ce7334608cc2",
    "manifests/unattended_upgrades.pp": "1d93c1999e94fc3a716372992641cfa3",
    "manifests/update.pp": "436c79f160f2cb603710795a9ec71ac7",
    "spec/acceptance/apt_builddep_spec.rb": "fb7ede528790507df42032d77eb74211",
    "spec/acceptance/apt_key_spec.rb": "5a5a6586db3010a0876dfa4ee29e3155",
    "spec/acceptance/apt_ppa_spec.rb": "bd636dc5df4a80941537583843a5d6c3",
    "spec/acceptance/apt_source_spec.rb": "dc47437fa48d7cc82900ceba4d6d1f26",
    "spec/acceptance/apt_spec.rb": "93093be35afd662568dab7d2ec745d03",
    "spec/acceptance/backports_spec.rb": "6a81c1fe7ba8370536ca78110a5965ec",
    "spec/acceptance/class_spec.rb": "7efb1890650fea7a303ed74f3fa6fff1",
    "spec/acceptance/conf_spec.rb": "ce961c5ace4de40df1b131a7e600e704",
    "spec/acceptance/force_spec.rb": "6b2572c7a92cec43e355ec20403a6fc0",
    "spec/acceptance/nodesets/debian-70rc1-x64.yml": "715f798e696d3582c66d13f0e8e5f009",
    "spec/acceptance/nodesets/default.yml": "344002a1813eb994a0d854981692ea5b",
    "spec/acceptance/nodesets/ubuntu-server-10044-x64.yml": "edd30a624fabfcae11b876ec3167383d",
    "spec/acceptance/nodesets/ubuntu-server-12042-x64.yml": "344002a1813eb994a0d854981692ea5b",
    "spec/acceptance/pin_spec.rb": "b107519714604f77d9485f733c1d5920",
    "spec/acceptance/release_spec.rb": "171c6a92d12c47fffc255cbd41e53f88",
    "spec/acceptance/unattended_upgrade_spec.rb": "2f24ec935bc070964f8eb231d2e7885d",
    "spec/acceptance/unsupported_spec.rb": "6f5f868032b3b41379d70b1bafc755d7",
    "spec/classes/apt_spec.rb": "c0bbf5e1176353446338b09d46acb8e8",
    "spec/classes/backports_spec.rb": "fba2abe24be01119231ee93ae2e5ed5a",
    "spec/classes/debian_testing_spec.rb": "d42b755f67bebb9707129ad2cfec171f",
    "spec/classes/debian_unstable_spec.rb": "044719c8752b7cc2655269b08fd555c1",
    "spec/classes/params_spec.rb": "68f04032690cb71cde4ac816e0c134bb",
    "spec/classes/release_spec.rb": "bc3cce54aca2fef36a60fdfa0ae24488",
    "spec/classes/unattended_upgrades_spec.rb": "c72261edcd789a4703f11f168a08f068",
    "spec/defines/builddep_spec.rb": "99370325f64faa5034b79d113b2ef962",
    "spec/defines/conf_spec.rb": "9c8fce10a10bb4b607d926ebfd6a6dcc",
    "spec/defines/force_spec.rb": "6553a5e8baa2cc9b7e355e91e32fd68e",
    "spec/defines/key_spec.rb": "5671d7b53a36202bfcaaa7f8c192b229",
    "spec/defines/pin_spec.rb": "8e1a7c297c97c57fd2931cb8ccba4ee9",
    "spec/defines/ppa_spec.rb": "9ea0273d27d0ce6eb9163b3212097576",
    "spec/defines/source_spec.rb": "ec31c03ec27b447fc749b7906e399bf1",
    "spec/spec_helper.rb": "0db89c9a486df193c0e40095422e19dc",
    "spec/spec_helper_acceptance.rb": "fc4a89c45d1812b03459bd70139ce2c7",
    "templates/10periodic.erb": "2aeea866a39f19a62254abbb4f1bc59d",
    "templates/50unattended-upgrades.erb": "ae995ade214fdaefab51d335c85819ae",
    "templates/pin.pref.erb": "cd2ffbce360331523ab86e161f6e5cab",
    "templates/source.list.erb": "7df942e41d3cefff84ef9410e6fdd626",
    "tests/builddep.pp": "4773f57072111e58f2ed833fa4489a88",
    "tests/debian/testing.pp": "1cbee56baddd6a91d981db8fddec70fb",
    "tests/debian/unstable.pp": "4b2a090afeb315752262386f4dbcd8ca",
    "tests/force.pp": "896f0e2da2c3eebda56fbf5461b90991",
    "tests/init.pp": "551138eb704e71ab3687932dda429a81",
    "tests/key.pp": "371a695e1332d51a38e283a87be52798",
    "tests/params.pp": "900db40f3fc84b0be173278df2ebff35",
    "tests/pin.pp": "4b4c3612d75a19dba8eb7227070fa4ab",
    "tests/ppa.pp": "b902cce8159128b5e8b21bed540743ff",
    "tests/release.pp": "53ce5debe6fa5bee42821767599cc768",
    "tests/source.pp": "123b6208bc80c80f887cac6d563c04f1",
    "tests/unattended_upgrades.pp": "ae03b24ced8748887178d2357b4bdb53"
  }
}