{
  "name": "puppetlabs-ntp",
  "version": "3.0.2",
  "summary": "NTP Module",
  "author": "Puppet Labs",
  "description": "NTP Module for Debian, Ubuntu, CentOS, RHEL, OEL, Fedora, FreeBSD, ArchLinux and Gentoo.",
  "dependencies": [
    {
      "name": "puppetlabs/stdlib",
      "version_requirement": "\u003e\u003d 0.1.6"
    }
  ],
  "types": [],
  "checksums": {
    ".bundle/config": "7f1c988748783d2a8d455376eed1470c",
    ".fixtures.yml": "909729694bab62c1e36001512b68a8fd",
    ".nodeset.yml": "8d1b7762d4125ce53379966a1daf355c",
    ".travis.yml": "193ec2b14cc9644c88f4249422580da2",
    "CHANGELOG.md": "35f94034cdbb8c3a7cd348bfb1db9632",
    "CONTRIBUTING.md": "2ef1d6f4417dde9af6c7f46f5c8a864b",
    "Gemfile": "123db39bf706c9d2d9704a14b73cea2c",
    "Gemfile.lock": "1271b8c10a23ff929d0a02207d23830d",
    "LICENSE": "f0b6fdc310531526f257378d7bad0044",
    "Modulefile": "a55d8dcaa987ff7f22129d72cf8bced8",
    "README.markdown": "3edb21c9434f7b562b335d68c7ef88c1",
    "Rakefile": "0254db5d3fc38c67a2c160d7296a24f8",
    "manifests/config.pp": "8d9afb6e4327277c96c5617ad687043a",
    "manifests/init.pp": "ae9da639adaea106a2b581256ee14626",
    "manifests/install.pp": "ac33c5733f4321a9af7a4735265c1986",
    "manifests/params.pp": "c45f8e67ac00ddd773618f20b9db73e9",
    "manifests/service.pp": "350238b50e9cb896d270a2c76a64334f",
    "spec/acceptance/basic_spec.rb": "1da5abd2e5db6ecb2244a1434965cecd",
    "spec/acceptance/class_spec.rb": "e29605c62985d081f77b32b3ec34c522",
    "spec/acceptance/nodesets/centos-64-x64.yml": "0e4558adc2f95b661535f866ee14d7af",
    "spec/acceptance/nodesets/default.yml": "0e4558adc2f95b661535f866ee14d7af",
    "spec/acceptance/nodesets/ubuntu-server-12042-x64.yml": "2e3662e93d5f23128147f28b9017fd99",
    "spec/acceptance/ntp_config_spec.rb": "f0e57d313f1587adc6669fe3ddc03258",
    "spec/acceptance/ntp_install_spec.rb": "5381832b14caf9bd21b7ddd41318446a",
    "spec/acceptance/ntp_parameters_spec.rb": "c65e8f41119df1599c59530afa4f13be",
    "spec/acceptance/ntp_service_spec.rb": "368fb33ff6663657349a5d5f519727f9",
    "spec/acceptance/preferred_servers_spec.rb": "33c423e397534a43db4cc9366ff76c1c",
    "spec/acceptance/restrict_spec.rb": "83173f6fd4ecbccb652aee071e4ee674",
    "spec/classes/ntp_spec.rb": "f8ac7807b2beafc5fdbad42e0c04326e",
    "spec/fixtures/modules/my_ntp/templates/ntp.conf.erb": "566e373728e9b13eda516115ff0a9fb0",
    "spec/spec.opts": "a600ded995d948e393fbe2320ba8e51c",
    "spec/spec_helper.rb": "0db89c9a486df193c0e40095422e19dc",
    "spec/spec_helper_acceptance.rb": "b5175e829a99c4a02178dcfccc2ba3b3",
    "spec/unit/puppet/provider/README.markdown": "e52668944ee6af2fb5d5b9e798342645",
    "spec/unit/puppet/type/README.markdown": "de26a7643813abd6c2e7e28071b1ef94",
    "templates/ntp.conf.erb": "178afa2b9fa1f25851cb4d7eb7a957a9",
    "tests/init.pp": "d398e7687ec1d893ef23d1b7d2afc094"
  },
  "source": "git://github.com/puppetlabs/puppetlabs-ntp",
  "project_page": "http://github.com/puppetlabs/puppetlabs-ntp",
  "license": "Apache Version 2.0"
}