{
  "operatingsystem_support": [
    {
      "operatingsystem": "RedHat",
      "operatingsystemrelease": [
        "5",
        "6"
      ]
    },
    {
      "operatingsystem": "CentOS",
      "operatingsystemrelease": [
        "5",
        "6"
      ]
    },
    {
      "operatingsystem": "OracleLinux",
      "operatingsystemrelease": [
        "5",
        "6"
      ]
    },
    {
      "operatingsystem": "Scientific",
      "operatingsystemrelease": [
        "5",
        "6"
      ]
    },
    {
      "operatingsystem": "SLES",
      "operatingsystemrelease": [
        "11 SP1"
      ]
    },
    {
      "operatingsystem": "Debian",
      "operatingsystemrelease": [
        "6",
        "7"
      ]
    },
    {
      "operatingsystem": "Ubuntu",
      "operatingsystemrelease": [
        "10.04",
        "12.04"
      ]
    }
  ],
  "requirements": [
    {
      "name": "pe",
      "version_requirement": "3.2.x"
    },
    {
      "name": "puppet",
      "version_requirement": "3.x"
    }
  ],
  "name": "puppetlabs-mysql",
  "version": "2.2.3",
  "source": "git://github.com/puppetlabs/puppetlabs-mysql.git",
  "author": "Puppet Labs",
  "license": "Apache 2.0",
  "summary": "Mysql module",
  "description": "Mysql module",
  "project_page": "http://github.com/puppetlabs/puppetlabs-mysql",
  "dependencies": [
    {
      "name": "puppetlabs/stdlib",
      "version_requirement": ">= 3.2.0"
    }
  ],
  "types": [
    {
      "name": "database",
      "doc": "Manage databases.",
      "properties": [
        {
          "name": "ensure",
          "doc": "The basic property that the resource should be in.\n\nValid values are `present`, `absent`. "
        },
        {
          "name": "charset",
          "doc": "The characterset to use for a database\n\nValues can match `/^\\S+$/`."
        }
      ],
      "parameters": [
        {
          "name": "name",
          "doc": "The name of the database.\n\n"
        }
      ],
      "providers": [
        {
          "name": "mysql",
          "doc": "Manages MySQL database.\n\n* Required binaries: `mysql`, `mysqladmin`.\n* Default for `kernel` == `Linux`."
        }
      ]
    },
    {
      "name": "database_grant",
      "doc": "Manage a database user's rights.",
      "properties": [
        {
          "name": "privileges",
          "doc": "The privileges the user should have. The possible values are implementation dependent.\n\n"
        }
      ],
      "parameters": [
        {
          "name": "name",
          "doc": "The primary key: either user@host for global privilges or user@host/database for database specific privileges\n\n"
        }
      ],
      "providers": [
        {
          "name": "mysql",
          "doc": "Uses mysql as database.\n\n* Required binaries: `mysql`, `mysqladmin`.\n* Default for `kernel` == `Linux`."
        }
      ]
    },
    {
      "name": "database_user",
      "doc": "Manage a database user. This includes management of users password as well as privileges",
      "properties": [
        {
          "name": "ensure",
          "doc": "The basic property that the resource should be in.\n\nValid values are `present`, `absent`. "
        },
        {
          "name": "password_hash",
          "doc": "The password hash of the user. Use mysql_password() for creating such a hash.\n\nValues can match `/\\w+/`."
        },
        {
          "name": "max_user_connections",
          "doc": "Max concurrent connections for the user. 0 means no (or global) limit.\n\nValues can match `/\\d+/`."
        }
      ],
      "parameters": [
        {
          "name": "name",
          "doc": "The name of the user. This uses the 'username@hostname' or username@hostname.\n\n"
        }
      ],
      "providers": [
        {
          "name": "mysql",
          "doc": "manage users for a mysql database.\n\n* Required binaries: `mysql`, `mysqladmin`.\n* Default for `kernel` == `Linux`."
        }
      ]
    },
    {
      "name": "mysql_database",
      "doc": "Manage MySQL databases.",
      "properties": [
        {
          "name": "ensure",
          "doc": "The basic property that the resource should be in.\n\nValid values are `present`, `absent`. "
        },
        {
          "name": "charset",
          "doc": "The CHARACTER SET setting for the database\n\nValues can match `/^\\S+$/`."
        },
        {
          "name": "collate",
          "doc": "The COLLATE setting for the database\n\nValues can match `/^\\S+$/`."
        }
      ],
      "parameters": [
        {
          "name": "name",
          "doc": "The name of the MySQL database to manage.\n\n"
        }
      ],
      "providers": [
        {
          "name": "mysql",
          "doc": "Manages MySQL databases.\n\n* Required binaries: `mysql`."
        }
      ]
    },
    {
      "name": "mysql_grant",
      "doc": "Manage a MySQL user's rights.",
      "properties": [
        {
          "name": "ensure",
          "doc": "The basic property that the resource should be in.\n\nValid values are `present`, `absent`. "
        },
        {
          "name": "privileges",
          "doc": "Privileges for user\n\n"
        },
        {
          "name": "table",
          "doc": "Table to apply privileges to.\n\nValues can match `/.*\\..*/`, `/@/`."
        },
        {
          "name": "user",
          "doc": "User to operate on.\n\n"
        },
        {
          "name": "options",
          "doc": "Options to grant.\n\n"
        }
      ],
      "parameters": [
        {
          "name": "name",
          "doc": "Name to describe the grant.\n\n"
        }
      ],
      "providers": [
        {
          "name": "mysql",
          "doc": "Set grants for users in MySQL."
        }
      ]
    },
    {
      "name": "mysql_user",
      "doc": "Manage a MySQL user. This includes management of users password as well as privileges.",
      "properties": [
        {
          "name": "ensure",
          "doc": "The basic property that the resource should be in.\n\nValid values are `present`, `absent`. "
        },
        {
          "name": "password_hash",
          "doc": "The password hash of the user. Use mysql_password() for creating such a hash.\n\nValues can match `/\\w+/`."
        },
        {
          "name": "max_user_connections",
          "doc": "Max concurrent connections for the user. 0 means no (or global) limit.\n\nValues can match `/\\d+/`."
        },
        {
          "name": "max_connections_per_hour",
          "doc": "Max connections per hour for the user. 0 means no (or global) limit.\n\nValues can match `/\\d+/`."
        },
        {
          "name": "max_queries_per_hour",
          "doc": "Max queries per hour for the user. 0 means no (or global) limit.\n\nValues can match `/\\d+/`."
        },
        {
          "name": "max_updates_per_hour",
          "doc": "Max updates per hour for the user. 0 means no (or global) limit.\n\nValues can match `/\\d+/`."
        }
      ],
      "parameters": [
        {
          "name": "name",
          "doc": "The name of the user. This uses the 'username@hostname' or username@hostname.\n\n"
        }
      ],
      "providers": [
        {
          "name": "mysql",
          "doc": "manage users for a mysql database.\n\n* Required binaries: `mysql`."
        }
      ]
    }
  ],
  "checksums": {
    "CHANGELOG.md": "f98682f23b3b5168ee3766d4e5f24926",
    "Gemfile": "9268e935a356ff2253cba2ec3cb9b27a",
    "LICENSE": "6089b6bd1f0d807edb8bdfd76da0b038",
    "Modulefile": "d6aafd2d6ff91333d47f2d0e6d2ade54",
    "README.md": "f0a25e9a800558b555c96f3e3e5db6d8",
    "Rakefile": "0428ea3759a4692c91604396c406a9c1",
    "TODO": "88ca4024a37992b46c34cb46e4ac39e6",
    "files/mysqltuner.pl": "65056d1386e04fdf22a1fee556c1b9fc",
    "lib/puppet/parser/functions/mysql_deepmerge.rb": "2b5040ee8cd75a81cf881851e922833a",
    "lib/puppet/parser/functions/mysql_password.rb": "a4c8ec72dede069508dbc266131b06a3",
    "lib/puppet/parser/functions/mysql_strip_hash.rb": "3efe69f1eb189b2913e178b8472aaede",
    "lib/puppet/provider/database/mysql.rb": "10c0c508f88145d0cda948f26f97d86f",
    "lib/puppet/provider/database_grant/mysql.rb": "bfe3202efcecfe8f5fa98282594f7bed",
    "lib/puppet/provider/database_user/mysql.rb": "26d55375b308ffa8cf9db68d0e039c5f",
    "lib/puppet/provider/mysql.rb": "881f4f76b084054f7299fe2de596e4c9",
    "lib/puppet/provider/mysql_database/mysql.rb": "938b0602ea341e7062b011478e9fafb1",
    "lib/puppet/provider/mysql_grant/mysql.rb": "100421e10f27f7adee4f53ec7778501c",
    "lib/puppet/provider/mysql_user/mysql.rb": "7eda6cfab27de90e3ee8f6517d2ae3a0",
    "lib/puppet/type/database.rb": "7b4b49b841d41541ce719d1a051ee94b",
    "lib/puppet/type/database_grant.rb": "66fce5df0f3f4111fe37f094965f6f93",
    "lib/puppet/type/database_user.rb": "b2a87e3854324fb0ae407a1fbad5802a",
    "lib/puppet/type/mysql_database.rb": "e21a38611edc6cba5454889170bc0ebc",
    "lib/puppet/type/mysql_grant.rb": "082aa9131d7e5871935da409ee16a9fa",
    "lib/puppet/type/mysql_user.rb": "ddb054a5fd03689ae4325fbe003a41d3",
    "manifests/backup.pp": "dfa324a48d47935a8423b102458c6516",
    "manifests/bindings/java.pp": "6a581f1da1690d436ae14832af551ca2",
    "manifests/bindings/perl.pp": "e765d0792afacbe72cf3e65804b78fe7",
    "manifests/bindings/php.pp": "09017ca0adefbb8bf894393371cfad94",
    "manifests/bindings/python.pp": "50c22f04074695f17ea383b307d01ea3",
    "manifests/bindings/ruby.pp": "99f7c01e468136c8e699fcbb36d037fa",
    "manifests/bindings.pp": "5976e9b74a29cc3a102f49867709a08f",
    "manifests/client/install.pp": "381f70bfbaac921d631e3b115d8ae264",
    "manifests/client.pp": "ab5a3ece8f5c4cc2174532472bdc5afe",
    "manifests/db.pp": "0dd59f8d1578c25a2517d4fda862624b",
    "manifests/init.pp": "52ad9ac01674695edaf62cc1c48ef4f8",
    "manifests/params.pp": "736a7b514f3d1d549702ed3ccb9d1d64",
    "manifests/server/account_security.pp": "c793a434142ddaa6a529ed59739368fb",
    "manifests/server/backup.pp": "670f81ebcecd5b679e9c0c467b9134d4",
    "manifests/server/config.pp": "e882008e21edd826565d825ad87cd931",
    "manifests/server/install.pp": "8666481a3ea12e9f76c47dfa558c09e6",
    "manifests/server/monitor.pp": "a63731018c171de9e441009d453dcac8",
    "manifests/server/mysqltuner.pp": "4b19b075ecb7a7054cac237e5f50ed16",
    "manifests/server/providers.pp": "87a019dce5bbb6b18c9aa61b5f99134c",
    "manifests/server/root_password.pp": "73738c1b6ee42b896db5356575c95af6",
    "manifests/server/service.pp": "e79e2206b06d41956fb6d87fc1d20aa0",
    "manifests/server.pp": "442990ade0834d54ffe30fb74c4fa9db",
    "spec/acceptance/mysql_account_delete_spec.rb": "71a1f232dcc5a0c04e0f2c147bfb7901",
    "spec/acceptance/mysql_backup_spec.rb": "7fe13045db2eb74e7d31b35bb2dfa91e",
    "spec/acceptance/mysql_bindings_spec.rb": "4d0c9a8424a01b4f96a0ba3899f0a953",
    "spec/acceptance/mysql_db_spec.rb": "a2f2e307ce90bd85ce3a77397b83d056",
    "spec/acceptance/mysql_server_config_spec.rb": "9709a14165ff7fae246d2cebec7cc0f8",
    "spec/acceptance/mysql_server_monitor_spec.rb": "2e38bbcb9b5a2248188b6de04a8ca140",
    "spec/acceptance/mysql_server_root_password_spec.rb": "0fa64a3e10812b3396fab0ab9d5ba6cf",
    "spec/acceptance/mysql_server_spec.rb": "b0f63360bf6e15c80856684c2036d06c",
    "spec/acceptance/nodesets/centos-64-x64-pe.yml": "ec075d95760df3d4702abea1ce0a829b",
    "spec/acceptance/nodesets/default.yml": "092dd2c588a9f87fa1fb12997c0723ef",
    "spec/acceptance/nodesets/fedora-18-x64.yml": "80e41b1ee16ea489f53164bfdae58855",
    "spec/acceptance/nodesets/sles-11-x64.yml": "44e4c6c15c018333bfa9840a5e702f66",
    "spec/acceptance/nodesets/ubuntu-server-10044-x64.yml": "75e86400b7889888dc0781c0ae1a1297",
    "spec/acceptance/nodesets/ubuntu-server-12042-x64.yml": "d30d73e34cd50b043c7d14e305955269",
    "spec/acceptance/types/mysql_database_spec.rb": "20747263d874e5da4a496abad2fd7f77",
    "spec/acceptance/types/mysql_grant_spec.rb": "f937987498c01590c666a4e12b49541f",
    "spec/acceptance/types/mysql_user_spec.rb": "54e882b41f1664121b9f6f9a0f6b2be4",
    "spec/acceptance/unsupported_spec.rb": "5e835e95d32823e6101966ed616c420b",
    "spec/classes/mysql_bindings_spec.rb": "cfc90d020af62a2315129c84f6acc7d9",
    "spec/classes/mysql_client_spec.rb": "1849bea122f7282153cbc46ca04aa851",
    "spec/classes/mysql_server_account_security_spec.rb": "e223281077baa230fb6b7387f56af6d8",
    "spec/classes/mysql_server_backup_spec.rb": "7fa2c4a0d6210bee9054492f10c44936",
    "spec/classes/mysql_server_monitor_spec.rb": "2bf20049616769424afd4a5137e25511",
    "spec/classes/mysql_server_mysqltuner_spec.rb": "7a098808c21e3f08cd26237a96acc878",
    "spec/classes/mysql_server_spec.rb": "14f07cdc8077683b79568c79e3c12ab9",
    "spec/defines/mysql_db_spec.rb": "26b348846df5013819c7c9f18090ffc4",
    "spec/spec.opts": "a600ded995d948e393fbe2320ba8e51c",
    "spec/spec_helper.rb": "92fefec2bd21423ec2aece165375678b",
    "spec/spec_helper_acceptance.rb": "c9bd05991d79b399636b6a912eb05707",
    "spec/spec_helper_system.rb": "fc38d5cb8b05132b6dbc126923ac9a63",
    "spec/system/mysql_account_delete_spec.rb": "ff8d45ad704f7e3c5fdcae7a4be2ea6e",
    "spec/system/mysql_backup_spec.rb": "8d5db44218a79ba695ef41228ebf4ab2",
    "spec/system/mysql_bindings_spec.rb": "1e8cb8b2eb50ee3a7f663d6bc979ae2d",
    "spec/system/mysql_db_spec.rb": "798771e3185a52fdc29513bf4eb33d15",
    "spec/system/mysql_server_monitor_spec.rb": "5f282becde15a434aee3f56c99e61ca2",
    "spec/system/mysql_server_root_password_spec.rb": "00054ea9de19903b7947144366fd09e6",
    "spec/system/mysql_server_spec.rb": "4976275835cf25bb031a2491e7395a19",
    "spec/system/types/mysql_grant_spec.rb": "7224f1d7d44e63a5d3a44b43cc38be5d",
    "spec/system/types/mysql_user_spec.rb": "63f1d4c5136291b3cfba33a07e8bb37d",
    "spec/unit/mysql_password_spec.rb": "7e1f9c635cb9dd4143054e096515006b",
    "spec/unit/puppet/functions/mysql_deepmerge_spec.rb": "89741450d6098c7ed30448347c6de535",
    "spec/unit/puppet/provider/database/mysql_spec.rb": "3bb92bdaaddfd54e7700012b2418f1ba",
    "spec/unit/puppet/provider/database_grant/mysql_spec.rb": "261c22e57374b6651b87fcac86c9b563",
    "spec/unit/puppet/provider/database_user/mysql_spec.rb": "50709cf2cf3f852a56de1856222b9b1f",
    "spec/unit/puppet/provider/mysql_database/mysql_spec.rb": "ce4a0af08009f1244c97c1b4edf3fd95",
    "spec/unit/puppet/provider/mysql_user/mysql_spec.rb": "d59edf286efa51990d0db1c0307e91ea",
    "spec/unit/puppet/type/mysql_database_spec.rb": "0b32abc822e7613bdbb46f0a35c5b999",
    "spec/unit/puppet/type/mysql_grant_spec.rb": "8e39370dba2a816af287f461d3b044ae",
    "spec/unit/puppet/type/mysql_user_spec.rb": "1a20ac660f54f9976bb5a0c03c339efc",
    "templates/my.cnf.erb": "f0a83142e3e7add368260e0594758852",
    "templates/my.cnf.pass.erb": "30b24a3f29fcc644bd3a73929305cda0",
    "templates/my.conf.cnf.erb": "5ebda0d5d774b2a51c25c43fbfed544a",
    "templates/mysqlbackup.sh.erb": "4b1eba907c4a20e4be441f78a6cc87c4",
    "tests/backup.pp": "caae4da564c1f663341bbe50915a5f7d",
    "tests/bindings.pp": "dda8795d67098b66aa65e81ccc48ed73",
    "tests/init.pp": "6b34827ac4731829c8a117f0b3fb8167",
    "tests/java.pp": "0ad9de4f9f2c049642bcf08124757085",
    "tests/mysql_database.pp": "2a85cd95a9952e3d93aa05f8f236551e",
    "tests/mysql_grant.pp": "cd42336a6c7b2d27f5d5d6d0e310ee1a",
    "tests/mysql_user.pp": "7aa29740f3b6cd8a7041d59af2d595cc",
    "tests/perl.pp": "6e496f19eaae83c90ce8b93236d44bca",
    "tests/python.pp": "b093828acfed9c14e25ebdd60d90c282",
    "tests/ruby.pp": "6c5071fcaf731995c9b8e31e00eaffa0",
    "tests/server/account_security.pp": "47f79d7ae9eac2bf2134db27abf1db37",
    "tests/server/config.pp": "619b4220138a12c6cb5f10af9867d8a1",
    "tests/server.pp": "72e22552a95b9a5e4a349dbfc13639dc"
  }
}