<configuration>

    <appender name="FILE" class="ch.qos.logback.core.FileAppender">
        <file>${application.home}/logs/application.log</file>
        <encoder>
            <pattern>%date - [%level] - from %logger in %thread %n%message%n%xException%n</pattern>
        </encoder>
    </appender>

<appender name="STDOUT" class="ch.qos.logback.core.ConsoleAppender">
    <!-- encoders are assigned the type
         ch.qos.logback.classic.encoder.PatternLayoutEncoder by default -->
    <encoder>
      <pattern>%d{HH:mm:ss.SSS} [%thread] %-5level %logger{36} - %msg%n</pattern>
    </encoder>
  </appender>
    <logger name="play" level="TRACE"/>
    <logger name="application" level="TRACE"/>
   <logger name="com.ntti3" level="TRACE"/>

    <root level="ERROR">
        <appender-ref ref="FILE"/>
        <appender-ref ref="STDOUT"/>
    </root>

</configuration>
