<configuration>

    <conversionRule conversionWord="coloredLevel" converterClass="play.api.Logger$ColoredLevel" />

    <appender name="FILE" class="ch.qos.logback.core.rolling.RollingFileAppender">
        <file>./logs/application.log</file>
        <rollingPolicy class="ch.qos.logback.core.rolling.TimeBasedRollingPolicy">
            <fileNamePattern>./logs/application%d.log.gz</fileNamePattern>
            <maxHistory>7</maxHistory>
        </rollingPolicy>

        <encoder>
            <charset>UTF-8</charset>
            <pattern>[%level] %X{sessionId} @ %date - from %logger in %thread - %message%n%xException</pattern>
        </encoder>
    </appender>

    <appender name="STDOUT" class="ch.qos.logback.core.ConsoleAppender">
        <encoder>
            <pattern>
                %coloredLevel %X{sessionId} @ %date - %logger{15} %thread - %message%n%xException{5}</pattern>
        </encoder>
    </appender>

    <logger name="play" level="INFO" />
    <logger name="application" level="DEBUG" />
    <logger name="com.ntti3" level="DEBUG"/>
    <root level="ERROR">
        <appender-ref ref="STDOUT" />
        <appender-ref ref="FILE" />
    </root>

</configuration>
