<configuration>

    <conversionRule conversionWord="coloredLevel" converterClass="play.api.Logger$ColoredLevel" />

    <appender name="FILE" class="ch.qos.logback.core.FileAppender">
        <file>./logs/application.log</file>
        <encoder>
            <pattern>[%level] %X{sessionId} @ %date - %thread - %message%n%xException</pattern>
        </encoder>
    </appender>

    <appender name="STDOUT" class="ch.qos.logback.core.ConsoleAppender">
        <encoder>
            <pattern>%coloredLevel %X{sessionId} @ %date - %thread - %message%n%xException{5}</pattern>
        </encoder>
    </appender>

    <logger name="play" level="INFO" />
    <logger name="application" level="DEBUG" />

    <root level="ERROR">
        <appender-ref ref="STDOUT" />
        <appender-ref ref="FILE" />
    </root>

</configuration>