{
  "name": "gdsoperations-resolvconf",
  "version": "0.3.1",
  "source": "https://github.com/gds-operations/puppet-resolvconf",
  "author": "Government Digital Service",
  "license": "MIT",
  "summary": "Manage resolvconf for Ubuntu",
  "description": "UNKNOWN",
  "project_page": "https://github.com/gds-operations/puppet-resolvconf",
  "dependencies": [
    {
      "name": "puppetlabs/stdlib",
      "version_requirement": ">= 3.0.0"
    }
  ],
  "types": [

  ],
  "checksums": {
    "CHANGELOG": "02a18622fa756abf067e52b54b42904f",
    "Gemfile": "bb3d259460b7cace9f0e33afbec52ddf",
    "Gemfile.lock": "b1c8d42e84c2c201c7efba3c2bc6dd97",
    "LICENSE": "f962015df9848b4e7ec398ae41224c4c",
    "LICENSE.md": "f962015df9848b4e7ec398ae41224c4c",
    "Modulefile": "65ab682652957441a88e3e322017d2fd",
    "README.md": "80add81b23820693c95f7f8aa4c6687d",
    "Rakefile": "52eaf8a47600324da0273ded9c40cc93",
    "lib/facter/dhcp_enabled.rb": "f22707952a1aa81e6c7958b441230de8",
    "manifests/config.pp": "fdc0702e5c4d4382d55fea018dd259eb",
    "manifests/dpkg_reconfigure.pp": "82a844ba74a3e29843160756d757664e",
    "manifests/init.pp": "95af8e744e44dc4602d3c37cddf08329",
    "manifests/package.pp": "1b5b864f7df3e641a611357b631bf96c",
    "manifests/reload.pp": "5ee045d26e561e5f92cb8951ae02c56f",
    "spec/classes/resolvconf_config_spec.rb": "b0bc26beaf240854fa7f8cf6331bba98",
    "spec/classes/resolvconf_dpkg_reconfigure_spec.rb": "48238c5f8995be859c495df2b4176576",
    "spec/classes/resolvconf_package_spec.rb": "1a40dfba757a26314ab2701959324ac5",
    "spec/classes/resolvconf_reload_spec.rb": "4b8a3f1a50ac0bacc95209e6d2e193c4",
    "spec/classes/resolvconf_spec.rb": "213381a770722d79a64f24a5c55d3413",
    "spec/facter/dhcp_enabled_spec.rb": "28b00054d771f335de6ef1e51b84dd6e",
    "spec/spec_helper.rb": "0db89c9a486df193c0e40095422e19dc",
    "spec/spec_helper_system.rb": "c30fcb09ce1debfa0854a03808c7c165",
    "spec/system/basic_spec.rb": "4ca835319924d502a470acb8f0906153",
    "templates/etc/resolvconf/resolv.conf.d/head.erb": "179ccef58fde3911203adb5291a010c0",
    "templates/etc/resolvconf/resolv.conf.d/tail.erb": "15c3fad032f935a41702bb6ea5efcca4",
    "tests/init.pp": "a89f21856dba742ca4079e3d226fba20"
  }
}