{
  "types": [

  ],
  "project_page": "https://github.com/thias/puppet-sysctl",
  "description": "Manage sysctl variable values.",
  "dependencies": [

  ],
  "author": "Matthias Saou",
  "source": "git://github.com/thias/puppet-sysctl",
  "license": "Apache 2.0",
  "checksums": {
    "spec/defines/sysctl_init_spec.rb": "21d524df70961750cb22f6b83349093e",
    "LICENSE": "99219472697a01561e7630d63aaecdc1",
    "README.md": "ed4837849a1c4790b7178cd99824a204",
    "spec/classes/sysctl_base_spec.rb": "6241cf3e290871c00b1bb3bbd5490108",
    "manifests/base.pp": "9508015ce74b5ce1420ad8c8ebc7d3af",
    "templates/sysctl.d-file.erb": "0212783df32c499b3e9e343993f608da",
    "tests/base.pp": "1ba89838432dbc94339097327c19ae3d",
    "Modulefile": "f5c1124108597c461ed04cdc835f8f73",
    "ChangeLog": "0da4fc95b19469efd9d3403985b7dc7c",
    "Gemfile": "3ad486d60d90bfe4395b368b95481e01",
    "manifests/init.pp": "37ce9914be3f47a085a23fd83f0bce7a",
    "tests/init.pp": "e70e5327b9840b44699bb7fae71d47cd",
    "spec/spec_helper.rb": "3ea886dd135e120afa31e0aab12e85b0",
    "Rakefile": "ab253b919e7093c2a5eb7adf0e39ffbc"
  },
  "version": "0.3.1",
  "summary": "Sysctl module",
  "name": "thias-sysctl"
}